{
	"kpis": ["MAX_SWL_T", "WEIGHT_T"],
	"base": {
		"auxHookWeight": 200,
		"auxHookWheelDiameter": 450,
		"auxHookWeight": 200,
		"auxSheave2Diameter": 450,
		"auxSheave2JibX": 1172,
		"auxSheave2JibY": 310,
		"auxSheave2Weight": 40,
		"auxSheave3Diameter": 450,
		"auxSheave3JibX": 3335,
		"auxSheave3JibY": 1150,
		"auxSheave3Weight": 40,
		"auxSheave4Diameter": 450,
		"auxSheave4EndX": -1285,
		"auxSheave4EndY": 200,
		"auxSheave4Weight": 40,
		"auxSheave5Diameter": 450,
		"auxSheave5EndX": -1355,
		"auxSheave5EndY": 315,
		"auxSheave5Weight": 40,
		"auxWinchDiameter": 800,
		"auxWinchToBoomY": 0,
		"auxWinchToCenterX": -850,
		"auxWinchWeight": 300,
		"boomAngle": 1.409,
		"boomCogX": 6880,
		"boomCogY": -500,
		"boomHingeMaxForce": 1,
		"boomHingeWidth": 2040,
		"boomLength": 15800,
		"boomSideArea": 14000000,
		"boomTopArea": 12960000,
		"boomWeight": 14250,
		"boomX": 200,
		"boomY": 8980,
		"craneY": 6000,
		"dynamicFactor": 1.3,
		"hasAuxLoad": false,
		"hasSheave1": true,
		"hasSheave2": true,
		"hasSheave3": true,
		"hasTwoFall": false,
		"hookToSheaveLength": 2000,
		"hookWeight": 1000,
		"hookWheelDiameter": 1248,
		"jibAngle": -1.379,
		"jibCogX": 5334,
		"jibCogY": 0,
		"jibCylinderBoomY": -1175,
		"jibCylinderDiameter": 326,
		"jibCylinderDistance1": 5783,
		"jibCylinderDistance2": 2001,
		"jibCylinderEndEyesFriction": 0.19,
		"jibCylinderExpandingTime": 4000,
		"jibCylinderEyeBearingRadii": 70,
		"jibCylinderHouseLength": 3758,
		"jibCylinderHouseWallThickness": 22,
		"jibCylinderHouseWeight": 409,
		"jibCylinderJibY": 250,
		"jibCylinderMaxLength": 6680,
		"jibCylinderMaxPressure": 215,
		"jibCylinderMinLength": 4000,
		"jibCylinderPistonGuideClearance": 0.17,
		"jibCylinderRodDiameter": 180,
		"jibCylinderRodLength": 3770,
		"jibCylinderRodWeight": 1226,
		"jibCylinderRodYieldStrength": 355,
		"jibCylinders": 2,
		"jibCylinderWeight": 1609,
		"jibHingeMaxForce": 2,
		"jibHingeWidth": 800,
		"jibLength": 10300,
		"jibSideArea": 11520000,
		"jibTopArea": 6786000,
		"jibWeight": 8500,
		"kingPostWeight": 4000,
		"load": 50,
		"location": "SHELTERED",
		"mainCylinderBoomHeight": -1000,
		"mainCylinderBoomY": 0,
		"mainCylinderDiameter": 394,
		"mainCylinderDistance1": 1700,
		"mainCylinderDistance2": 5469,
		"mainCylinderEndEyesFriction": 0.19,
		"mainCylinderExpandingTime": 4000,
		"mainCylinderEyeBearingRadii": 80,
		"mainCylinderHouseLength": 3642,
		"mainCylinderHouseWallThickness": 37,
		"mainCylinderHouseWeight": 664,
		"mainCylinderMaxLength": 6450,
		"mainCylinderMaxPressure": 315,
		"mainCylinderMinLength": 3925,
		"mainCylinderPistonGuideClearance": 0.17,
		"mainCylinderRodDiameter": 230,
		"mainCylinderRodLength": 3725,
		"mainCylinderRodWeight": 1993,
		"mainCylinderRodYieldStrength": 355,
		"mainCylinders": 2,
		"mainCylinderWeight": 2624,
		"maxBoomAngle": 1.409,
		"maxJibAngle": 1.890189,
		"maxWireDeployed": 15,
		"minBoomAngle": 0.018,
		"minJibAngle": 0.3536,
		"pedestalWeight": 8000,
		"rollFactor": 0,
		"sheave1BoomX": 600,
		"sheave1BoomY": 928,
		"sheave1Diameter": 1248,
		"sheave1Weight": 612,
		"sheave2Diameter": 1248,
		"sheave2JibX": 243,
		"sheave2JibY": 97,
		"sheave2Weight": 612,
		"sheave3Diameter": 1248,
		"sheave3JibX": 2808,
		"sheave3JibY": 1820,
		"sheave3Weight": 612,
		"sheave4Diameter": 1248,
		"sheave4EndX": 0,
		"sheave4EndY": 0,
		"sheave4Weight": 612,
		"sheave5Diameter": 1248,
		"sheave5EndX": -320,
		"sheave5EndY": 1380,
		"sheave5Weight": 612,
		"slewRingDiameter": 2600,
		"slewRingHeight": 4205,
		"slewRingMaxTorque": 10100,
		"trimFactor": 0,
		"twoFallAttDistanceAlongJibLine": 2000,
		"twoFallAttDistanceToJibLine": 50,
		"waveFactor": 0,
		"winchDiameter": 2000,
		"winchToBoomY": 450,
		"winchToCenterX": -1400,
		"winchWeight": 1000,
		"windDirection": "NONE",
		"wireWeightLength": 300
	},
	"mods": [{
		"boomLength": 13500
	}, {
		"boomLength": 14000
	}, {
		"boomLength": 15500
	}]
}